{"111011": -20.873469524189574, "beta": [1.3811565681793905, 0.2784376151832713, 1.185404767671406, 0.09356422804136479, 1.0006676582136738], "gamma": [1.7585058335465484, 1.9480897352774955, 2.1360678314253705, 2.3240879704943596, 3.6381486317862106]}