{"1": -22.55818984556026, "2": -23.95119520407917, "3": -24.01950615728054, "4": -24.12437597015812, "5": -24.283924023084495, "6": -23.896316412833507, "7": -24.721212376494613, "8": -25.108013056236405, "9": -24.829499305065653, "10": -25.086805754155307}