{"010101": -33.56323011847057, "beta": [0.4131650510262383, 0.6015887368433991, 1.5074003861305496, 1.4315659568968917, 1.4167462323047333, 0.2555723766519196, 0.38428955148136146, 1.3117712726508481, 1.2549675811529597, 0.20669274412324531], "gamma": [0.3837515877234202, 1.4718046169923547, 0.5887434779771585, 0.7757853206839925, 0.7677354103793197, 0.7470626217974075, 1.1754937808338404, 1.1069666288630198, 1.1889583707434768, 1.2600146852218657]}